sample	chrom	vcf_pos	deletion_start	deletion_end	ref	alt	qual	info_dp	sample_dp
ERR11029820	NC_045512.2	11287	11288	11296	GTCTGGTTTT	G	228.423	210	181
ERR11029820	NC_045512.2	21632	21633	21641	TTACCCCCTG	T	228.388	232	213
ERR11029820	NC_045512.2	28361	28362	28370	GGAGAACGCA	G	228.411	227	207
ERR11029820	NC_045512.2	29733	29734	29759	CGAGGCCACGCGGAGTACGATCGAGTG	C	228.116	171	75
ERR11029826	NC_045512.2	11287	11288	11296	GTCTGGTTTT	G	228.42	208	174
ERR11029826	NC_045512.2	21632	21633	21641	TTACCCCCTG	T	228.364	229	214
ERR11029826	NC_045512.2	21764	21765	21770	ATACATG	A	228.409	238	238
ERR11029826	NC_045512.2	28361	28362	28370	GGAGAACGCA	G	228.404	230	192
ERR11029826	NC_045512.2	29733	29734	29759	CGAGGCCACGCGGAGTACGATCGAGTG	C	228.169	188	68
ERR11029834	NC_045512.2	11287	11288	11296	GTCTGGTTTT	G	228.422	199	173
ERR11029834	NC_045512.2	21632	21633	21641	TTACCCCCTG	T	228.364	232	209
ERR11029834	NC_045512.2	28361	28362	28370	GGAGAACGCA	G	228.413	238	211
ERR11029834	NC_045512.2	29733	29734	29759	CGAGGCCACGCGGAGTACGATCGAGTG	C	228.33	150	89
ERR11029837	NC_045512.2	11287	11288	11296	GTCTGGTTTT	G	228.424	206	184
ERR11029837	NC_045512.2	21632	21633	21641	TTACCCCCTG	T	228.317	234	205
ERR11029837	NC_045512.2	28361	28362	28370	GGAGAACGCA	G	228.413	233	205
ERR11029837	NC_045512.2	29733	29734	29759	CGAGGCCACGCGGAGTACGATCGAGTG	C	228.144	183	98
ERR11029838	NC_045512.2	11287	11288	11296	GTCTGGTTTT	G	228.421	209	174
ERR11029838	NC_045512.2	21632	21633	21641	TTACCCCCTG	T	228.345	239	219
ERR11029838	NC_045512.2	28361	28362	28370	GGAGAACGCA	G	228.414	243	211
ERR11029838	NC_045512.2	29733	29734	29759	CGAGGCCACGCGGAGTACGATCGAGTG	C	228.052	182	87
ERR11029840	NC_045512.2	11287	11288	11296	GTCTGGTTTT	G	228.424	199	162
ERR11029840	NC_045512.2	21632	21633	21641	TTACCCCCTG	T	228.362	227	206
ERR11029840	NC_045512.2	28361	28362	28370	GGAGAACGCA	G	228.392	229	201
ERR11029840	NC_045512.2	29733	29734	29759	CGAGGCCACGCGGAGTACGATCGAGTG	C	228.141	175	73
