CHROM	POS	REF	ALT	QUAL	DP
NC_045512.2	241	C	T	225.417	251
NC_045512.2	405	A	G	225.417	251
NC_045512.2	670	T	G	228.404	184
NC_045512.2	2577	G	T	225.417	278
NC_045512.2	2790	C	T	228.415	187
NC_045512.2	3037	C	T	225.417	250
NC_045512.2	4184	G	A	225.417	251
NC_045512.2	4321	C	T	228.309	168
NC_045512.2	6684	A	G	225.417	249
NC_045512.2	9344	C	T	225.417	249
NC_045512.2	9424	A	G	225.417	251
NC_045512.2	9534	C	T	228.418	248
NC_045512.2	9866	C	T	225.417	251
NC_045512.2	10029	C	T	225.417	250
NC_045512.2	10198	C	T	225.417	257
NC_045512.2	10447	G	A	225.417	194
NC_045512.2	10449	C	A	225.417	250
NC_045512.2	11287	GTCTGGTTTT	G	228.424	199
NC_045512.2	11291	G	A	116.415	77
NC_045512.2	11296	T	G	149.416	92
NC_045512.2	12880	C	T	225.417	245
NC_045512.2	14408	C	T	225.417	249
NC_045512.2	14652	T	C	228.202	248
NC_045512.2	15451	G	A	225.417	248
NC_045512.2	15714	C	T	225.417	251
NC_045512.2	15738	C	T	225.417	251
NC_045512.2	15939	T	C	228.41	251
NC_045512.2	16342	T	C	225.417	248
NC_045512.2	17124	T	C	225.417	249
NC_045512.2	17410	C	T	225.417	256
NC_045512.2	17859	T	C	225.417	243
NC_045512.2	18163	A	G	225.417	249
NC_045512.2	19326	A	G	225.417	261
NC_045512.2	19955	C	T	225.417	269
NC_045512.2	20055	A	G	225.417	247
NC_045512.2	21618	C	T	225.417	248
NC_045512.2	21632	TTACCCCCTG	T	228.362	227
NC_045512.2	21810	T	C	225.417	245
NC_045512.2	21987	G	A	225.417	278
NC_045512.2	22000	C	A	225.417	269
NC_045512.2	22109	C	G	225.417	255
NC_045512.2	22200	T	A	225.417	133
NC_045512.2	22317	G	T	225.417	18
NC_045512.2	22577	G	C	225.417	140
NC_045512.2	22578	G	A	225.417	145
NC_045512.2	22599	G	C	225.417	258
NC_045512.2	22664	C	A	228.41	247
NC_045512.2	22674	C	T	228.39	242
NC_045512.2	22679	T	C	225.417	228
NC_045512.2	22686	C	T	225.417	230
NC_045512.2	22688	A	G	225.417	206
NC_045512.2	22775	G	A	225.422	250
NC_045512.2	22786	A	C	111.015	248
NC_045512.2	22813	G	T	225.422	250
NC_045512.2	22882	T	G	225.417	245
NC_045512.2	22895	G	C	225.417	206
NC_045512.2	22896	T	C	225.417	202
NC_045512.2	22898	G	A	225.417	209
NC_045512.2	22942	T	G	225.417	251
NC_045512.2	22992	G	A	225.417	245
NC_045512.2	22995	C	A	225.422	247
NC_045512.2	23013	A	C	225.422	211
NC_045512.2	23018	T	C	225.417	214
NC_045512.2	23019	T	C	225.417	250
NC_045512.2	23031	T	C	225.417	250
NC_045512.2	23055	A	G	225.417	249
NC_045512.2	23063	A	T	225.417	250
NC_045512.2	23075	T	C	225.417	247
NC_045512.2	23403	A	G	225.417	251
NC_045512.2	23525	C	T	225.417	241
NC_045512.2	23599	T	G	225.417	236
NC_045512.2	23604	C	A	225.417	251
NC_045512.2	23854	C	A	225.417	124
NC_045512.2	23948	G	T	228.411	256
NC_045512.2	24424	A	T	225.417	250
NC_045512.2	24469	T	A	225.417	249
NC_045512.2	25000	C	T	225.417	250
NC_045512.2	25416	C	T	225.417	251
NC_045512.2	25584	C	T	225.417	251
NC_045512.2	26060	C	T	225.417	250
NC_045512.2	26270	C	T	228.407	247
NC_045512.2	26275	A	G	228.398	249
NC_045512.2	26577	C	G	228.245	168
NC_045512.2	26709	G	A	225.417	245
NC_045512.2	26858	C	T	225.417	247
NC_045512.2	27259	A	C	225.417	270
NC_045512.2	27382	G	C	228.42	235
NC_045512.2	27383	A	T	225.417	235
NC_045512.2	27384	T	C	225.417	250
NC_045512.2	27807	C	T	225.417	244
NC_045512.2	27915	G	T	225.417	248
NC_045512.2	28271	A	T	225.417	250
NC_045512.2	28311	C	T	225.417	244
NC_045512.2	28361	GGAGAACGCA	G	228.392	229
NC_045512.2	28881	G	A	225.417	189
NC_045512.2	28882	G	A	225.417	188
NC_045512.2	28883	G	C	225.417	191
NC_045512.2	29510	A	C	225.417	186
NC_045512.2	29733	CGAGGCCACGCGGAGTACGATCGAGTG	C	228.141	175
