aa_substitution	sample_count	samples
E:T9I	6	ERR11029820,ERR11029826,ERR11029837,ERR11029838,ERR11029840,ERR11029834
M:A63T	6	ERR11029820,ERR11029826,ERR11029837,ERR11029838,ERR11029840,ERR11029834
N:G204R	6	ERR11029820,ERR11029826,ERR11029837,ERR11029838,ERR11029840,ERR11029834
N:P13L	6	ERR11029820,ERR11029826,ERR11029837,ERR11029838,ERR11029840,ERR11029834
N:R203K	6	ERR11029820,ERR11029826,ERR11029837,ERR11029838,ERR11029840,ERR11029834
N:S413R	6	ERR11029820,ERR11029826,ERR11029837,ERR11029838,ERR11029840,ERR11029834
ORF1a:G1307S	6	ERR11029820,ERR11029826,ERR11029837,ERR11029838,ERR11029840,ERR11029834
ORF1a:L3027F	6	ERR11029820,ERR11029826,ERR11029837,ERR11029838,ERR11029840,ERR11029834
ORF1a:P3395H	6	ERR11029820,ERR11029826,ERR11029837,ERR11029838,ERR11029840,ERR11029834
ORF1a:S135R	6	ERR11029820,ERR11029826,ERR11029837,ERR11029838,ERR11029840,ERR11029834
ORF1a:T3090I	6	ERR11029820,ERR11029826,ERR11029837,ERR11029838,ERR11029840,ERR11029834
ORF1a:T3255I	6	ERR11029820,ERR11029826,ERR11029837,ERR11029838,ERR11029840,ERR11029834
ORF1a:T842I	6	ERR11029820,ERR11029826,ERR11029837,ERR11029838,ERR11029840,ERR11029834
ORF1b:I1566V	6	ERR11029820,ERR11029826,ERR11029837,ERR11029838,ERR11029840,ERR11029834
ORF1b:P314L	6	ERR11029820,ERR11029826,ERR11029837,ERR11029838,ERR11029840,ERR11029834
ORF1b:R1315C	6	ERR11029820,ERR11029826,ERR11029837,ERR11029838,ERR11029840,ERR11029834
ORF1b:T2163I	6	ERR11029820,ERR11029826,ERR11029837,ERR11029838,ERR11029840,ERR11029834
ORF3a:T223I	6	ERR11029820,ERR11029826,ERR11029837,ERR11029838,ERR11029840,ERR11029834
S:D405N	6	ERR11029820,ERR11029826,ERR11029837,ERR11029838,ERR11029840,ERR11029834
S:D614G	6	ERR11029820,ERR11029826,ERR11029837,ERR11029838,ERR11029840,ERR11029834
S:D796Y	6	ERR11029820,ERR11029826,ERR11029837,ERR11029838,ERR11029840,ERR11029834
S:E484A	6	ERR11029820,ERR11029826,ERR11029837,ERR11029838,ERR11029840,ERR11029834
S:G142D	6	ERR11029820,ERR11029826,ERR11029837,ERR11029838,ERR11029840,ERR11029834
S:H655Y	6	ERR11029820,ERR11029826,ERR11029837,ERR11029838,ERR11029840,ERR11029834
S:K417N	6	ERR11029820,ERR11029826,ERR11029837,ERR11029838,ERR11029840,ERR11029834
S:N440K	6	ERR11029820,ERR11029826,ERR11029837,ERR11029838,ERR11029840,ERR11029834
S:N460K	6	ERR11029820,ERR11029826,ERR11029837,ERR11029838,ERR11029840,ERR11029834
S:N501Y	6	ERR11029820,ERR11029826,ERR11029837,ERR11029838,ERR11029840,ERR11029834
S:N679K	6	ERR11029820,ERR11029826,ERR11029837,ERR11029838,ERR11029840,ERR11029834
S:N764K	6	ERR11029820,ERR11029826,ERR11029837,ERR11029838,ERR11029840,ERR11029834
S:N969K	6	ERR11029820,ERR11029826,ERR11029837,ERR11029838,ERR11029840,ERR11029834
S:P681H	6	ERR11029820,ERR11029826,ERR11029837,ERR11029838,ERR11029840,ERR11029834
S:Q498R	6	ERR11029820,ERR11029826,ERR11029837,ERR11029838,ERR11029840,ERR11029834
S:Q954H	6	ERR11029820,ERR11029826,ERR11029837,ERR11029838,ERR11029840,ERR11029834
S:R346T	6	ERR11029820,ERR11029826,ERR11029837,ERR11029838,ERR11029840,ERR11029834
S:S371F	6	ERR11029820,ERR11029826,ERR11029837,ERR11029838,ERR11029840,ERR11029834
S:S373P	6	ERR11029820,ERR11029826,ERR11029837,ERR11029838,ERR11029840,ERR11029834
S:S375F	6	ERR11029820,ERR11029826,ERR11029837,ERR11029838,ERR11029840,ERR11029834
S:S477N	6	ERR11029820,ERR11029826,ERR11029837,ERR11029838,ERR11029840,ERR11029834
S:T19I	6	ERR11029820,ERR11029826,ERR11029837,ERR11029838,ERR11029840,ERR11029834
S:T376A	6	ERR11029820,ERR11029826,ERR11029837,ERR11029838,ERR11029840,ERR11029834
S:T478K	6	ERR11029820,ERR11029826,ERR11029837,ERR11029838,ERR11029840,ERR11029834
S:Y505H	6	ERR11029820,ERR11029826,ERR11029837,ERR11029838,ERR11029840,ERR11029834
E:T11A	5	ERR11029820,ERR11029837,ERR11029838,ERR11029840,ERR11029834
M:Q19E	5	ERR11029820,ERR11029826,ERR11029837,ERR11029838,ERR11029840
ORF1a:L3201F	5	ERR11029820,ERR11029837,ERR11029838,ERR11029840,ERR11029834
ORF1b:G662S	5	ERR11029820,ERR11029837,ERR11029838,ERR11029840,ERR11029834
ORF6:D61L	5	ERR11029820,ERR11029837,ERR11029838,ERR11029840,ERR11029834
ORF9b:P10S	5	ERR11029820,ERR11029837,ERR11029838,ERR11029840,ERR11029834
S:F490S	5	ERR11029820,ERR11029837,ERR11029838,ERR11029840,ERR11029834
S:G339H	5	ERR11029820,ERR11029837,ERR11029838,ERR11029840,ERR11029834
S:G446S	5	ERR11029820,ERR11029837,ERR11029838,ERR11029840,ERR11029834
ORF1a:K47R	4	ERR11029820,ERR11029837,ERR11029838,ERR11029840
ORF1b:S959P	4	ERR11029820,ERR11029837,ERR11029838,ERR11029840
ORF8:G8*	4	ERR11029820,ERR11029837,ERR11029838,ERR11029840
S:F486P	4	ERR11029820,ERR11029837,ERR11029838,ERR11029840
S:G252V	4	ERR11029820,ERR11029837,ERR11029838,ERR11029840
S:H146Q	4	ERR11029820,ERR11029837,ERR11029838,ERR11029840
S:L368I	4	ERR11029820,ERR11029837,ERR11029838,ERR11029840
S:Q183E	4	ERR11029820,ERR11029837,ERR11029838,ERR11029840
S:R408S	4	ERR11029820,ERR11029837,ERR11029840,ERR11029834
S:V213E	4	ERR11029820,ERR11029837,ERR11029838,ERR11029840
S:V445P	4	ERR11029820,ERR11029837,ERR11029838,ERR11029840
S:V83A	4	ERR11029820,ERR11029837,ERR11029838,ERR11029840
S:V213G	2	ERR11029826,ERR11029834
M:D3N	1	ERR11029826
N:E136D	1	ERR11029826
ORF1a:G298C	1	ERR11029834
ORF1a:L1559F	1	ERR11029838
ORF1a:L1896F	1	ERR11029820
ORF1a:L3829F	1	ERR11029826
ORF1a:L580F	1	ERR11029834
ORF1a:N2140S	1	ERR11029840
ORF1a:N4060S	1	ERR11029834
ORF1a:P1640S	1	ERR11029834
ORF1a:Q556K	1	ERR11029826
ORF1a:R542H	1	ERR11029837
ORF1a:S1221L	1	ERR11029834
ORF1a:S2103F	1	ERR11029834
ORF1a:S2246L	1	ERR11029820
ORF1a:S2900L	1	ERR11029820
ORF1a:S771I	1	ERR11029840
ORF1b:E1889K	1	ERR11029838
ORF1b:G2436D	1	ERR11029834
ORF1b:M1156I	1	ERR11029826
ORF1b:N1191S	1	ERR11029826
ORF1b:Y264H	1	ERR11029826
ORF3a:G251S	1	ERR11029834
ORF8:F6S	1	ERR11029826
ORF9b:A57V	1	ERR11029834
ORF9b:P10F	1	ERR11029826
S:F157L	1	ERR11029834
S:F486V	1	ERR11029826
S:G257S	1	ERR11029834
S:G339D	1	ERR11029826
S:I210V	1	ERR11029834
S:K1181I	1	ERR11029820
S:K147E	1	ERR11029834
S:K356T	1	ERR11029834
S:K444T	1	ERR11029826
S:L452R	1	ERR11029826
S:N703S	1	ERR11029837
S:Q613H	1	ERR11029826
S:S247N	1	ERR11029826
S:W152R	1	ERR11029834
S:Y248S	1	ERR11029826
